{
  "version": 2,
  "headers": [
    {
      "source": "/app.js",
      "headers": [
        {
          "key": "Cache-Control",
          "value": "no-store, max-age=0"
        }
      ]
    },
    {
      "source": "/index.html",
      "headers": [
        {
          "key": "Cache-Control",
          "value": "no-store, max-age=0"
        }
      ]
    },
    {
      "source": "/(.*)",
      "headers": [
        {
          "key": "Content-Security-Policy",
          "value": "default-src 'self'; img-src 'self' data: blob:; style-src 'self' 'unsafe-inline'; script-src 'self' 'unsafe-inline'; connect-src 'self'; form-action 'self' mailto:; base-uri 'self'"
        },
        {
          "key": "X-Content-Type-Options",
          "value": "nosniff"
        },
        {
          "key": "Referrer-Policy",
          "value": "strict-origin-when-cross-origin"
        },
        {
          "key": "Permissions-Policy",
          "value": "geolocation=(self), microphone=(), camera=()"
        }
      ]
    }
  ]
}
